posts,Activity,sum_score,sum_gild,sum_contro,permalink
taylor_swift_eras_tour_purchasing_megathread,60195,168081,4,78,/r/TaylorSwift/comments/yw1pp8/taylor_swift_eras_tour_purchasing_megathread/iwlazf3/
taylor_swift_eras_tour_megathread,53147,178556,6,311,/r/TaylorSwift/comments/yy0j5q/taylor_swift_eras_tour_megathread/jeg2ovr/
taylor_swift_eras_tour_capital_one_presale,26312,68039,0,75,/r/TaylorSwift/comments/ywueor/taylor_swift_eras_tour_capital_one_presale/iwpzwwn/
midnights_leaks_discussion_only,19717,150626,1,561,/r/TaylorSwift/comments/y7nfmf/midnights_leaks_discussion_only/j9504l1/
megathread_for_all_theories,17215,185862,1,77,/r/TaylorSwift/comments/nmziqm/megathread_for_all_theories/h0j1y74/
the_eras_tour_megathread_glendale_az,14026,104925,4,113,/r/TaylorSwift/comments/11tww16/the_eras_tour_megathread_glendale_az/jega6ch/
october_2022_theories_megathread,13712,130676,1,411,/r/TaylorSwift/comments/xt3tob/october_2022_theories_megathread/j3ewudz/
midnights_megathread,11251,92798,1,194,/r/TaylorSwift/comments/y9ivjo/midnights_megathread/j25ya4b/
midnights_week_megathread,8900,56809,1,70,/r/TaylorSwift/comments/y60j4n/midnights_week_megathread/itw93gp/
september_2022_theories_megathread,8142,82091,0,292,/r/TaylorSwift/comments/x2zo8a/september_2022_theories_megathread/iu00mev/
the_eras_tour_discussion_thread_march_2023,7546,33595,0,72,/r/TaylorSwift/comments/11jhtrb/the_eras_tour_discussion_thread_march_2023/jeh5du6/
emails_are_coming_out,7155,28791,0,22,/r/TaylorSwift/comments/yvlqj1/emails_are_coming_out/iwf1fs0/
ticketmaster_has_cancelled_the_general_sale,6074,85943,7,152,/r/TaylorSwift/comments/yy00i0/ticketmaster_has_cancelled_the_general_sale/iws756i/
deleted_by_user,5809,54491,0,138,/r/TaylorSwift/comments/zpjns9/deleted_by_user/javmwch/
taylor_swift_eras_tour_resale_megathread,5170,12458,1,20,/r/TaylorSwift/comments/yzmzbj/taylor_swift_eras_tour_resale_megathread/jeh42um/
the_63rd_annual_grammy_awards_megathread,5106,58179,2,107,/r/TaylorSwift/comments/m53t38/the_63rd_annual_grammy_awards_megathread/gvvko2n/
merch_discussion_megathread,5084,29104,0,46,/r/TaylorSwift/comments/naj1mj/merch_discussion_megathread/h0j43ph/
theories_megathread_est_june_12_2021,5057,54024,1,83,/r/TaylorSwift/comments/ny2nnb/theories_megathread_est_june_12_2021/h29kidc/
theories_megathread_august_2022,4797,50890,0,117,/r/TaylorSwift/comments/wdjs5c/theories_megathread_august_2022/iv1n7z5/
theories_and_hype_megathread_take_3,4540,49087,0,36,/r/TaylorSwift/comments/nb44uy/theories_and_hype_megathread_take_3/h02ayag/
