posts,Activity,sum_score,sum_gild,sum_contro,permalink
midnights_leaks_discussion_only,19717,150626,1,561,/r/TaylorSwift/comments/y7nfmf/midnights_leaks_discussion_only/j9504l1/
october_2022_theories_megathread,13712,130676,1,411,/r/TaylorSwift/comments/xt3tob/october_2022_theories_megathread/j3ewudz/
taylor_swift_eras_tour_megathread,53147,178556,6,311,/r/TaylorSwift/comments/yy0j5q/taylor_swift_eras_tour_megathread/jeg2ovr/
september_2022_theories_megathread,8142,82091,0,292,/r/TaylorSwift/comments/x2zo8a/september_2022_theories_megathread/iu00mev/
midnights_megathread,11251,92798,1,194,/r/TaylorSwift/comments/y9ivjo/midnights_megathread/j25ya4b/
taylors_private_jet_and_carbon_footprint,1957,50267,0,189,/r/TaylorSwift/comments/wa8jpf/taylors_private_jet_and_carbon_footprint/iwb23lt/
taylors_response_on_the_ticket_crisis,2422,88575,8,172,/r/TaylorSwift/comments/yyp0ib/taylors_response_on_the_ticket_crisis/iwvy2nt/
ticketmaster_has_cancelled_the_general_sale,6074,85943,7,152,/r/TaylorSwift/comments/yy00i0/ticketmaster_has_cancelled_the_general_sale/iws756i/
may_2022_theories_thread,3969,51351,0,142,/r/TaylorSwift/comments/ufwlgx/may_2022_theories_thread/im7zytq/
deleted_by_user,5809,54491,0,138,/r/TaylorSwift/comments/zpjns9/deleted_by_user/javmwch/
why_cant_people_accept_that_taylor_swift_is_a,363,14450,3,127,/r/TaylorSwift/comments/vwsu23/why_cant_people_accept_that_taylor_swift_is_a/iftgvis/
hot_take_taylor_shouldve_signed_the_planned,520,19140,3,118,/r/TaylorSwift/comments/uoty3s/hot_take_taylor_shouldve_signed_the_planned/ibqroqv/
theories_megathread_august_2022,4797,50890,0,117,/r/TaylorSwift/comments/wdjs5c/theories_megathread_august_2022/iv1n7z5/
taylor_swifts_worst_album_day_2_fearless,465,5934,0,116,/r/TaylorSwift/comments/rn8uz4/taylor_swifts_worst_album_day_2_fearless/i3qu5pz/
the_eras_tour_megathread_glendale_az,14026,104925,4,113,/r/TaylorSwift/comments/11tww16/the_eras_tour_megathread_glendale_az/jega6ch/
the_63rd_annual_grammy_awards_megathread,5106,58179,2,107,/r/TaylorSwift/comments/m53t38/the_63rd_annual_grammy_awards_megathread/gvvko2n/
swifties_in_your_opinion_what_is_the_most_toxic,904,20770,1,103,/r/TaylorSwift/comments/10y25hw/swifties_in_your_opinion_what_is_the_most_toxic/jac1pu0/
i_bet_you_think_about_me_music_video_megathread,2433,38638,1,101,/r/TaylorSwift/comments/quh2og/i_bet_you_think_about_me_music_video_megathread/hnsp7fg/
taylor_swifts_worst_album_day_4_red,732,11576,0,100,/r/TaylorSwift/comments/rokp32/taylor_swifts_worst_album_day_4_red/i3qy1q6/
its_ok_to_love_taylor_but_still_be_disappointed,2054,36222,2,98,/r/TaylorSwift/comments/yx9q4b/its_ok_to_love_taylor_but_still_be_disappointed/j8x4ipf/
